imei,order,lon,lat
000013612345678,1,76.2713754,10.0743391
000013612345680,1,76.23898,10.13613
000013612345681,1,76.4491131,10.025333
000013612345682,1,76.5222,10.03784
000013612345683,1,76.2294857,10.1499409
000013612345678,2,76.27137,10.07437
000013612345680,2,76.23905,10.13599
000013612345681,2,76.44931,10.02519
000013612345682,2,76.52219,10.03786
000013612345683,2,76.22949,10.14982
000013612345678,3,76.27138,10.07455
000013612345680,3,76.23908,10.13593
000013612345681,3,76.44966,10.02495
000013612345682,3,76.52217,10.03793
000013612345683,3,76.22953,10.14962
000013612345678,4,76.27138,10.07471
000013612345680,4,76.2392,10.1357
000013612345681,4,76.44974,10.02485
000013612345682,4,76.52216,10.03796
000013612345683,4,76.22956,10.14927
000013612345678,5,76.27139,10.07487
000013612345680,5,76.23934,10.1354
000013612345681,5,76.45002,10.02461
000013612345682,5,76.52215,10.03798
000013612345683,5,76.22961,10.14892
000013612345678,6,76.27142,10.07512
000013612345680,6,76.23956,10.13498
000013612345681,6,76.45039,10.02428
000013612345682,6,76.52214,10.03799
000013612345683,6,76.22962,10.14886
000013612345678,7,76.27142,10.07515
000013612345680,7,76.23977,10.13459
000013612345681,7,76.45057,10.02411
000013612345682,7,76.52212,10.038
000013612345683,7,76.22962,10.14883
000013612345678,8,76.27145,10.07578
000013612345680,8,76.24005,10.13409
000013612345681,8,76.45075,10.02396
000013612345682,8,76.52208,10.03803
000013612345683,8,76.2296237,10.1488262
000013612345678,9,76.27147,10.07596
000013612345680,9,76.24023,10.13378
000013612345681,9,76.45091,10.02385
000013612345682,9,76.52204,10.03806
000013612345683,9,76.22964,10.14883
000013612345678,10,76.27148,10.07609
000013612345680,10,76.24038,10.13351
000013612345681,10,76.45112,10.02377
000013612345682,10,76.52197,10.03808
000013612345683,10,76.23016,10.14891
000013612345678,11,76.27148,10.07627
000013612345680,11,76.24056,10.13318
000013612345681,11,76.45135,10.02371
000013612345682,11,76.5219,10.0381
000013612345683,11,76.23038,10.14893
000013612345678,12,76.27145,10.07669
000013612345680,12,76.2407,10.13293
000013612345681,12,76.45163,10.02367
000013612345682,12,76.52186,10.03811
000013612345683,12,76.23067,10.14896
000013612345678,13,76.2714,10.07693
000013612345680,13,76.24095,10.13249
000013612345681,13,76.45188,10.02364
000013612345682,13,76.52184,10.03811
000013612345683,13,76.2316,10.14901
000013612345678,14,76.27137,10.07703
000013612345680,14,76.24097,10.13245
000013612345681,14,76.45217,10.02363
000013612345682,14,76.52179,10.03812
000013612345683,14,76.23169,10.14902
000013612345678,15,76.27132,10.07722
000013612345680,15,76.24106,10.13226
000013612345681,15,76.45236,10.02364
000013612345682,15,76.52176,10.03811
000013612345683,15,76.23174,10.14902
000013612345678,16,76.27121,10.07752
000013612345680,16,76.2413,10.13179
000013612345681,16,76.45255,10.02368
000013612345682,16,76.52173,10.0381
000013612345683,16,76.23196,10.14903
000013612345678,17,76.27114,10.07777
000013612345680,17,76.24153,10.13134
000013612345681,17,76.45291,10.02376
000013612345682,17,76.52169,10.03808
000013612345683,17,76.23217,10.14904
000013612345678,18,76.271,10.07832
000013612345680,18,76.24162,10.13116
000013612345681,18,76.45346,10.0239
000013612345682,18,76.52165,10.03807
000013612345683,18,76.23274,10.14907
000013612345678,19,76.27096,10.07847
000013612345680,19,76.24181,10.13082
000013612345681,19,76.45379,10.024
000013612345682,19,76.52162,10.03805
000013612345683,19,76.23339,10.14911
000013612345678,20,76.27093,10.07859
000013612345680,20,76.24193,10.1306
000013612345681,20,76.45411,10.02408
000013612345682,20,76.52156,10.03801
000013612345683,20,76.23361,10.14912
000013612345678,21,76.27093,10.07861
000013612345680,21,76.24206,10.13035
000013612345681,21,76.45426,10.0241
000013612345682,21,76.52141,10.0379
000013612345683,21,76.2336081,10.1491202
000013612345678,22,76.27071,10.07925
000013612345680,22,76.24207,10.13032
000013612345681,22,76.45433,10.0241
000013612345682,22,76.52139,10.03788
000013612345683,22,76.23361,10.14867
000013612345678,23,76.27066,10.07939
000013612345680,23,76.24221,10.13002
000013612345681,23,76.45442,10.02409
000013612345682,23,76.52137,10.03788
000013612345683,23,76.23356,10.14824
000013612345678,24,76.27044,10.07998
000013612345680,24,76.24247,10.12942
000013612345681,24,76.45459,10.02404
000013612345682,24,76.52136,10.03787
000013612345683,24,76.23358,10.14807
000013612345678,25,76.2702,10.08055
000013612345680,25,76.24266,10.12897
000013612345681,25,76.4548,10.02396
000013612345682,25,76.52135,10.03787
000013612345683,25,76.23358,10.14773
000013612345678,26,76.27007,10.08088
000013612345680,26,76.24281,10.12857
000013612345681,26,76.45489,10.02393
000013612345682,26,76.52133,10.03787
000013612345683,26,76.2336,10.14732
000013612345678,27,76.26999,10.08109
000013612345680,27,76.2429,10.12832
000013612345681,27,76.45497,10.02391
000013612345682,27,76.52131,10.03787
000013612345683,27,76.23361,10.14705
000013612345678,28,76.26995,10.08119
000013612345680,28,76.243,10.12802
000013612345681,28,76.45505,10.02391
000013612345682,28,76.52128,10.03787
000013612345683,28,76.23365,10.14618
000013612345678,29,76.26986,10.08145
000013612345680,29,76.24304,10.12786
000013612345681,29,76.45532,10.02388
000013612345682,29,76.52116,10.0379
000013612345683,29,76.23392,10.14616
000013612345678,30,76.26978,10.08175
000013612345680,30,76.24308,10.12777
000013612345681,30,76.45561,10.02389
000013612345682,30,76.52079,10.038
000013612345683,30,76.23452,10.14617
000013612345678,31,76.26969,10.08201
000013612345680,31,76.24313,10.12767
000013612345681,31,76.45572,10.02392
000013612345682,31,76.52046,10.0381
000013612345683,31,76.23525,10.14614
000013612345678,32,76.26968,10.08205
000013612345680,32,76.24321,10.12757
000013612345681,32,76.4558,10.02393
000013612345682,32,76.52036,10.03811
000013612345683,32,76.2352493,10.1461404
000013612345678,33,76.26963,10.0822
000013612345680,33,76.2433,10.12743
000013612345681,33,76.45587,10.02394
000013612345682,33,76.52022,10.03813
000013612345683,33,76.23529,10.14586
000013612345678,34,76.26962,10.08224
000013612345680,34,76.24337,10.12733
000013612345681,34,76.45594,10.02393
000013612345682,34,76.52013,10.03813
000013612345683,34,76.23533,10.14546
000013612345678,35,76.26954,10.08251
000013612345680,35,76.24339,10.12731
000013612345681,35,76.456,10.02392
000013612345682,35,76.52004,10.03812
000013612345683,35,76.23534,10.14528
000013612345678,36,76.26949,10.08269
000013612345680,36,76.24343,10.12722
000013612345681,36,76.45616,10.02386
000013612345682,36,76.51988,10.03811
000013612345683,36,76.23533,10.14521
000013612345678,37,76.26937,10.08313
000013612345680,37,76.24343,10.12721
000013612345681,37,76.45656,10.02371
000013612345682,37,76.51966,10.03809
000013612345683,37,76.23525,10.14514
000013612345678,38,76.26933,10.08332
000013612345680,38,76.24348,10.12711
000013612345681,38,76.45676,10.02364
000013612345682,38,76.51958,10.03808
000013612345683,38,76.2352501,10.145142
000013612345678,39,76.26927,10.08359
000013612345680,39,76.24352,10.12698
000013612345681,39,76.45677,10.02364
000013612345682,39,76.51941,10.03806
000013612345683,39,76.23517,10.14488
000013612345678,40,76.26925,10.08367
000013612345680,40,76.24359,10.12675
000013612345681,40,76.45683,10.02362
000013612345682,40,76.51915,10.03804
000013612345683,40,76.23516,10.14472
000013612345678,41,76.26923,10.08374
000013612345680,41,76.24359,10.12674
000013612345681,41,76.45691,10.02361
000013612345682,41,76.51887,10.03802
000013612345683,41,76.23516,10.14466
000013612345678,42,76.2692,10.08391
000013612345680,42,76.24369,10.12642
000013612345681,42,76.45707,10.02359
000013612345682,42,76.51861,10.03801
000013612345683,42,76.23519,10.14461
000013612345678,43,76.26917,10.08409
000013612345680,43,76.24383,10.12593
000013612345681,43,76.4573,10.02359
000013612345682,43,76.51841,10.03799
000013612345683,43,76.23539,10.14445
000013612345678,44,76.26914,10.08423
000013612345680,44,76.24392,10.12562
000013612345681,44,76.45753,10.02359
000013612345682,44,76.51819,10.03798
000013612345683,44,76.2356,10.14415
000013612345678,45,76.26907,10.08437
000013612345680,45,76.24398,10.12544
000013612345681,45,76.45769,10.02356
000013612345682,45,76.51797,10.03795
000013612345683,45,76.23603,10.14366
000013612345678,46,76.26904,10.08444
000013612345680,46,76.24399,10.12538
000013612345681,46,76.45801,10.02349
000013612345682,46,76.5177,10.03792
000013612345683,46,76.23614,10.14355
000013612345678,47,76.26897,10.08457
000013612345680,47,76.24409,10.12509
000013612345681,47,76.45829,10.02341
000013612345682,47,76.5175,10.03788
000013612345683,47,76.23618,10.14348
000013612345678,48,76.26885,10.08491
000013612345680,48,76.24414,10.12497
000013612345681,48,76.45841,10.02337
000013612345682,48,76.51734,10.03786
000013612345683,48,76.23619,10.14344
000013612345678,49,76.26885,10.08493
000013612345680,49,76.2442,10.12484
000013612345681,49,76.4585,10.02333
000013612345682,49,76.51717,10.03781
000013612345683,49,76.23624,10.14331
000013612345678,50,76.26885,10.08494
000013612345680,50,76.24424,10.12477
000013612345681,50,76.45866,10.02327
000013612345682,50,76.51708,10.0378
000013612345683,50,76.23639,10.14282
000013612345678,51,76.26886,10.08496
000013612345680,51,76.24426,10.12474
000013612345681,51,76.45876,10.02324
000013612345682,51,76.51703,10.0378
000013612345683,51,76.23652,10.14251
000013612345678,52,76.26887,10.08497
000013612345680,52,76.24434,10.12459
000013612345681,52,76.45887,10.02322
000013612345682,52,76.51693,10.03781
000013612345683,52,76.23656,10.14242
000013612345678,53,76.2689,10.08499
000013612345680,53,76.2446,10.12421
000013612345681,53,76.45898,10.02319
000013612345682,53,76.51683,10.03782
000013612345683,53,76.23662,10.14225
000013612345678,54,76.2688958,10.0849944
000013612345680,54,76.24476,10.12394
000013612345681,54,76.4591,10.02318
000013612345682,54,76.51674,10.03782
000013612345683,54,76.23665,10.14214
000013612345678,55,76.26882,10.08532
000013612345680,55,76.24484,10.12381
000013612345681,55,76.45926,10.02319
000013612345682,55,76.51664,10.03782
000013612345683,55,76.23667,10.14208
000013612345678,56,76.26881,10.08533
000013612345680,56,76.24502,10.1235
000013612345681,56,76.45951,10.02322
000013612345682,56,76.51653,10.03783
000013612345683,56,76.23671,10.14191
000013612345678,57,76.26879,10.08545
000013612345680,57,76.2453,10.12297
000013612345681,57,76.45956,10.02323
000013612345682,57,76.51648,10.03783
000013612345683,57,76.23678,10.14159
000013612345678,58,76.26878,10.08555
000013612345680,58,76.24556,10.12309
000013612345681,58,76.45987,10.02328
000013612345682,58,76.51645,10.03777
000013612345683,58,76.23678,10.14155
000013612345678,59,76.26877,10.08566
000013612345680,59,76.24568,10.12319
000013612345681,59,76.45997,10.02329
000013612345682,59,76.51643,10.03772
000013612345683,59,76.23679,10.14149
000013612345678,60,76.26877,10.08571
000013612345680,60,76.24579,10.12326
000013612345681,60,76.46011,10.02328
000013612345682,60,76.5164,10.03764
000013612345683,60,76.236786,10.141492
000013612345678,61,76.26876,10.0858
000013612345680,61,76.24592,10.12332
000013612345681,61,76.46027,10.02327
000013612345682,61,76.51638,10.03756
000013612345683,61,76.23682,10.14139
000013612345678,62,76.26875,10.08588
000013612345680,62,76.24607,10.12339
000013612345681,62,76.46049,10.02325
000013612345682,62,76.51637,10.03742
000013612345683,62,76.23688,10.14126
000013612345678,63,76.26874,10.08591
000013612345680,63,76.2463,10.12347
000013612345681,63,76.46064,10.02323
000013612345682,63,76.51638,10.03716
000013612345683,63,76.23692,10.14117
000013612345678,64,76.26873,10.08594
000013612345680,64,76.2465,10.12353
000013612345681,64,76.46079,10.02322
000013612345682,64,76.51638,10.03708
000013612345683,64,76.23698,10.14104
000013612345678,65,76.26872,10.08597
000013612345680,65,76.24669,10.1236
000013612345681,65,76.46098,10.02323
000013612345682,65,76.51638,10.03703
000013612345683,65,76.23727,10.14047
000013612345678,66,76.2687,10.08602
000013612345680,66,76.24693,10.12368
000013612345681,66,76.46118,10.02326
000013612345682,66,76.51638,10.037
000013612345683,66,76.23732,10.14032
000013612345678,67,76.26862,10.08618
000013612345680,67,76.24718,10.12375
000013612345681,67,76.4615,10.02334
000013612345682,67,76.51638,10.03697
000013612345683,67,76.23733,10.14027
000013612345678,68,76.26847,10.08646
000013612345680,68,76.24732,10.12378
000013612345681,68,76.46186,10.02342
000013612345682,68,76.51637,10.03694
000013612345683,68,76.23746,10.13983
000013612345678,69,76.26846,10.08648
000013612345680,69,76.24752,10.12384
000013612345681,69,76.46195,10.02344
000013612345682,69,76.51636,10.03692
000013612345683,69,76.23747,10.13979
000013612345678,70,76.26838,10.08666
000013612345680,70,76.2478,10.12391
000013612345681,70,76.46208,10.02347
000013612345682,70,76.51635,10.03689
000013612345683,70,76.23751,10.13963
000013612345678,71,76.26822,10.08705
000013612345680,71,76.24842,10.12406
000013612345681,71,76.46219,10.02346
000013612345682,71,76.51628,10.03675
000013612345683,71,76.23752,10.13954
000013612345678,72,76.26812,10.08729
000013612345680,72,76.24894,10.1242
000013612345681,72,76.46229,10.02346
000013612345682,72,76.51606,10.03635
000013612345683,72,76.23751,10.13937
000013612345678,73,76.26807,10.08745
000013612345680,73,76.24952,10.12432
000013612345681,73,76.4624,10.02344
000013612345682,73,76.51597,10.0362
000013612345683,73,76.23751,10.13917
000013612345678,74,76.26807,10.08746
000013612345680,74,76.24986,10.12439
000013612345681,74,76.46251,10.02341
000013612345682,74,76.5158,10.03593
000013612345683,74,76.23752,10.13906
000013612345678,75,76.26803,10.08762
000013612345680,75,76.24993,10.12438
000013612345681,75,76.46273,10.02335
000013612345682,75,76.51569,10.03581
000013612345683,75,76.23753,10.139
000013612345678,76,76.26789,10.08809
000013612345680,76,76.25013,10.12443
000013612345681,76,76.46293,10.02328
000013612345682,76,76.51564,10.03575
000013612345683,76,76.23756,10.13893
000013612345678,77,76.26771,10.08866
000013612345680,77,76.25025,10.12445
000013612345681,77,76.46324,10.02319
000013612345682,77,76.5155,10.0356
000013612345683,77,76.23768,10.13858
000013612345678,78,76.2677,10.08868
000013612345680,78,76.25034,10.12446
000013612345681,78,76.46339,10.02314
000013612345682,78,76.51545,10.03554
000013612345683,78,76.2377,10.13853
000013612345678,79,76.26763,10.08886
000013612345680,79,76.25048,10.12446
000013612345681,79,76.46347,10.02311
000013612345682,79,76.51538,10.03547
000013612345683,79,76.23783,10.13818
000013612345678,80,76.26756,10.08905
000013612345680,80,76.25059,10.12445
000013612345681,80,76.46352,10.02308
000013612345682,80,76.51534,10.0354
000013612345683,80,76.23791,10.13798
000013612345678,81,76.26749,10.0892
000013612345680,81,76.25077,10.12444
000013612345681,81,76.46363,10.02302
000013612345682,81,76.5152,10.03525
000013612345683,81,76.23799,10.13783
000013612345678,82,76.26739,10.08941
000013612345680,82,76.25098,10.1244
000013612345681,82,76.46374,10.02295
000013612345682,82,76.5151,10.03508
000013612345683,82,76.23809,10.1377
000013612345678,83,76.26736,10.08947
000013612345680,83,76.2511,10.12436
000013612345681,83,76.46406,10.02274
000013612345682,83,76.51503,10.03494
000013612345683,83,76.23819,10.13754
000013612345678,84,76.26732,10.08955
000013612345680,84,76.2513,10.1243
000013612345681,84,76.46486,10.02219
000013612345682,84,76.51498,10.03487
000013612345683,84,76.23825,10.13746
000013612345678,85,76.26725,10.0897
000013612345680,85,76.25152,10.12423
000013612345681,85,76.46513,10.02201
000013612345682,85,76.51493,10.03482
000013612345683,85,76.2384,10.13722
000013612345678,86,76.26713,10.09
000013612345680,86,76.25178,10.12412
000013612345681,86,76.46543,10.02177
000013612345682,86,76.51486,10.03477
000013612345683,86,76.23849,10.13708
000013612345678,87,76.2671,10.09007
000013612345680,87,76.2519,10.12406
000013612345681,87,76.46571,10.02154
000013612345682,87,76.51478,10.03472
000013612345683,87,76.23856,10.13694
000013612345678,88,76.26702,10.09025
000013612345680,88,76.25197,10.12403
000013612345681,88,76.46584,10.02145
000013612345682,88,76.5146,10.03464
000013612345683,88,76.2386,10.13687
000013612345678,89,76.26701,10.0903
000013612345680,89,76.25227,10.1239
000013612345681,89,76.46594,10.02139
000013612345682,89,76.51444,10.03457
000013612345683,89,76.23865,10.13678
000013612345678,90,76.26698,10.09039
000013612345680,90,76.25268,10.12374
000013612345681,90,76.46601,10.02136
000013612345682,90,76.51433,10.03452
000013612345683,90,76.2388,10.13651
000013612345678,91,76.26693,10.09056
000013612345680,91,76.25279,10.1237
000013612345681,91,76.46615,10.02132
000013612345682,91,76.51424,10.03447
000013612345683,91,76.2389,10.13631
000013612345678,92,76.2669,10.09072
000013612345680,92,76.25292,10.12369
000013612345681,92,76.4663,10.02129
000013612345682,92,76.51402,10.03431
000013612345683,92,76.23898,10.13613
000013612345678,93,76.26688,10.09088
000013612345680,93,76.25318,10.12366
000013612345681,93,76.46646,10.02126
000013612345682,93,76.51375,10.03414
000013612345683,93,76.23905,10.13599
000013612345678,94,76.26687,10.09097
000013612345680,94,76.25332,10.12364
000013612345681,94,76.46671,10.02123
000013612345682,94,76.51343,10.03391
000013612345683,94,76.23908,10.13593
000013612345678,95,76.26681,10.09129
000013612345680,95,76.2534,10.12362
000013612345681,95,76.46698,10.02123
000013612345682,95,76.5133,10.0338
000013612345683,95,76.2392,10.1357
000013612345678,96,76.26675,10.09153
000013612345680,96,76.25345,10.1236
000013612345681,96,76.46718,10.02124
000013612345682,96,76.5132,10.03372
000013612345683,96,76.23934,10.1354
000013612345678,97,76.26669,10.09175
000013612345680,97,76.2535,10.12358
000013612345681,97,76.46726,10.02124
000013612345682,97,76.51318,10.03371
000013612345683,97,76.23956,10.13498
000013612345678,98,76.26658,10.0921
000013612345680,98,76.25354,10.12355
000013612345681,98,76.46734,10.02123
000013612345682,98,76.51314,10.03368
000013612345683,98,76.23977,10.13459
000013612345678,99,76.26653,10.09228
000013612345680,99,76.25359,10.1235
000013612345681,99,76.4675,10.02117
000013612345682,99,76.51308,10.03366
000013612345683,99,76.24005,10.13409
000013612345678,100,76.2665,10.09247
000013612345680,100,76.25366,10.12342
000013612345681,100,76.46779,10.02105
000013612345682,100,76.513,10.03365
000013612345683,100,76.24023,10.13378
000013612345678,101,76.26648,10.09271
000013612345680,101,76.25388,10.12316
000013612345681,101,76.46796,10.021
000013612345682,101,76.51293,10.03364
000013612345683,101,76.24038,10.13351
000013612345678,102,76.26646,10.09287
000013612345680,102,76.25395,10.12308
000013612345681,102,76.46799,10.021
000013612345682,102,76.51288,10.03363
000013612345683,102,76.24056,10.13318
000013612345678,103,76.26645,10.09295
000013612345680,103,76.25402,10.123
000013612345681,103,76.46809,10.021
000013612345682,103,76.51283,10.03361
000013612345683,103,76.2407,10.13293
000013612345678,104,76.26643,10.09317
000013612345680,104,76.25425,10.12274
000013612345681,104,76.46826,10.02103
000013612345682,104,76.51279,10.03358
000013612345683,104,76.24095,10.13249
000013612345678,105,76.26642,10.09328
000013612345680,105,76.25435,10.12263
000013612345681,105,76.46845,10.02107
000013612345682,105,76.51276,10.03355
000013612345683,105,76.24097,10.13245
000013612345678,106,76.2664,10.09342
000013612345680,106,76.25441,10.12257
000013612345681,106,76.4686,10.02108
000013612345682,106,76.51269,10.0334
000013612345683,106,76.24106,10.13226
000013612345678,107,76.26636,10.09357
000013612345680,107,76.25445,10.12252
000013612345681,107,76.46877,10.02108
000013612345682,107,76.51263,10.03333
000013612345683,107,76.2413,10.13179
000013612345678,108,76.26631,10.09369
000013612345680,108,76.25449,10.12245
000013612345681,108,76.46894,10.02108
000013612345682,108,76.5126,10.03327
000013612345683,108,76.24153,10.13134
000013612345678,109,76.26627,10.09379
000013612345680,109,76.25451,10.12241
000013612345681,109,76.46898,10.02108
000013612345682,109,76.51258,10.03325
000013612345683,109,76.24162,10.13116
000013612345678,110,76.26617,10.09397
000013612345680,110,76.25453,10.12234
000013612345681,110,76.46938,10.02102
000013612345682,110,76.51257,10.03323
000013612345683,110,76.24181,10.13082
000013612345678,111,76.26606,10.09416
000013612345680,111,76.25461,10.12208
000013612345681,111,76.46993,10.02096
000013612345682,111,76.51249,10.03318
000013612345683,111,76.24193,10.1306
000013612345678,112,76.26601,10.09426
000013612345680,112,76.25462,10.12205
000013612345681,112,76.47007,10.02094
000013612345682,112,76.51243,10.03315
000013612345683,112,76.24206,10.13035
000013612345678,113,76.26596,10.09438
000013612345680,113,76.25466,10.12196
000013612345681,113,76.47031,10.0209
000013612345682,113,76.51236,10.03313
000013612345683,113,76.24207,10.13032
000013612345678,114,76.26593,10.09447
000013612345680,114,76.25472,10.12179
000013612345681,114,76.47054,10.02087
000013612345682,114,76.51232,10.03312
000013612345683,114,76.24221,10.13002
000013612345678,115,76.2659,10.09456
000013612345680,115,76.25483,10.12152
000013612345681,115,76.47068,10.02083
000013612345682,115,76.51225,10.03311
000013612345683,115,76.24247,10.12942
000013612345678,116,76.26587,10.09464
000013612345680,116,76.25488,10.12143
000013612345681,116,76.47088,10.02077
000013612345682,116,76.51214,10.03312
000013612345683,116,76.24266,10.12897
000013612345678,117,76.26583,10.09483
000013612345680,117,76.25491,10.12133
000013612345681,117,76.47096,10.02074
000013612345682,117,76.51179,10.03314
000013612345683,117,76.24281,10.12857
000013612345678,118,76.26581,10.09492
000013612345680,118,76.25494,10.12124
000013612345681,118,76.4711,10.0207
000013612345682,118,76.51151,10.03313
000013612345683,118,76.2429,10.12832
000013612345678,119,76.26579,10.09505
000013612345680,119,76.25497,10.12112
000013612345681,119,76.47119,10.02068
000013612345682,119,76.51115,10.03312
000013612345683,119,76.243,10.12802
000013612345678,120,76.26576,10.09523
000013612345680,120,76.25501,10.12096
000013612345681,120,76.47138,10.02066
000013612345682,120,76.51088,10.03309
000013612345683,120,76.24304,10.12786
000013612345678,121,76.26574,10.09537
000013612345680,121,76.25503,10.12082
000013612345681,121,76.47151,10.02066
000013612345682,121,76.51066,10.03305
000013612345683,121,76.24308,10.12777
000013612345678,122,76.26571,10.09555
000013612345680,122,76.25506,10.12069
000013612345681,122,76.47165,10.02068
000013612345682,122,76.51037,10.03296
000013612345683,122,76.24313,10.12767
000013612345678,123,76.2657,10.09564
000013612345680,123,76.25513,10.12034
000013612345681,123,76.47183,10.02073
000013612345682,123,76.51013,10.0329
000013612345683,123,76.24321,10.12757
000013612345678,124,76.2657,10.09567
000013612345680,124,76.25517,10.12023
000013612345681,124,76.47204,10.0208
000013612345682,124,76.50979,10.03279
000013612345683,124,76.2433,10.12743
000013612345678,125,76.26567,10.09579
000013612345680,125,76.25519,10.12019
000013612345681,125,76.47302,10.02113
000013612345682,125,76.50948,10.03271
000013612345683,125,76.24337,10.12733
000013612345678,126,76.26565,10.09586
000013612345680,126,76.25522,10.12016
000013612345681,126,76.47359,10.02131
000013612345682,126,76.50935,10.0327
000013612345683,126,76.24339,10.12731
000013612345678,127,76.26562,10.09595
000013612345680,127,76.25529,10.1201
000013612345681,127,76.47407,10.02148
000013612345682,127,76.50916,10.03269
000013612345683,127,76.24343,10.12722
000013612345678,128,76.26561,10.09596
000013612345680,128,76.25547,10.11997
000013612345681,128,76.47452,10.0216
000013612345682,128,76.50892,10.03267
000013612345683,128,76.24343,10.12721
000013612345678,129,76.26556,10.09617
000013612345680,129,76.25554,10.11992
000013612345681,129,76.47495,10.02175
000013612345682,129,76.5086,10.0327
000013612345683,129,76.24348,10.12711
000013612345678,130,76.26554,10.09627
000013612345680,130,76.25561,10.11984
000013612345681,130,76.47536,10.02186
000013612345682,130,76.50836,10.03271
000013612345683,130,76.24352,10.12698
000013612345678,131,76.26543,10.09671
000013612345680,131,76.25569,10.11974
000013612345681,131,76.47546,10.02189
000013612345682,131,76.50785,10.03274
000013612345683,131,76.24359,10.12675
000013612345678,132,76.26538,10.0969
000013612345680,132,76.25574,10.11967
000013612345681,132,76.47549,10.0219
000013612345682,132,76.50737,10.03276
000013612345683,132,76.24359,10.12674
000013612345678,133,76.26531,10.09715
000013612345680,133,76.25578,10.1196
000013612345681,133,76.47561,10.02196
000013612345682,133,76.50707,10.03277
000013612345683,133,76.24369,10.12642
000013612345678,134,76.26531,10.09716
000013612345680,134,76.2558,10.11958
000013612345681,134,76.47636,10.02249
000013612345682,134,76.5068,10.03278
000013612345683,134,76.24383,10.12593
000013612345678,135,76.26524,10.09737
000013612345680,135,76.25587,10.11947
000013612345681,135,76.47693,10.02291
000013612345682,135,76.50666,10.0328
000013612345683,135,76.24392,10.12562
000013612345678,136,76.2652,10.09749
000013612345680,136,76.25596,10.11928
000013612345681,136,76.47735,10.02322
000013612345682,136,76.50654,10.03282
000013612345683,136,76.24398,10.12544
000013612345678,137,76.26513,10.0977
000013612345680,137,76.25604,10.11909
000013612345681,137,76.47791,10.02354
000013612345682,137,76.50634,10.03286
000013612345683,137,76.24399,10.12538
000013612345678,138,76.26508,10.0978
000013612345680,138,76.25608,10.11896
000013612345681,138,76.47817,10.02368
000013612345682,138,76.50615,10.0329
000013612345683,138,76.24409,10.12509
000013612345678,139,76.26502,10.09797
000013612345680,139,76.25611,10.11886
000013612345681,139,76.47849,10.0238
000013612345682,139,76.50584,10.03293
000013612345683,139,76.24414,10.12497
000013612345678,140,76.26488,10.09832
000013612345680,140,76.25614,10.11874
000013612345681,140,76.47894,10.02394
000013612345682,140,76.50543,10.03295
000013612345683,140,76.2442,10.12484
000013612345678,141,76.26485,10.09838
000013612345680,141,76.25617,10.11858
000013612345681,141,76.47914,10.02399
000013612345682,141,76.50517,10.03297
000013612345683,141,76.24424,10.12477
000013612345678,142,76.26471,10.09871
000013612345680,142,76.25631,10.11802
000013612345681,142,76.4792,10.02402
000013612345682,142,76.50476,10.03297
000013612345683,142,76.24426,10.12474
000013612345678,143,76.26454,10.09911
000013612345680,143,76.25635,10.11787
000013612345681,143,76.47951,10.02413
000013612345682,143,76.50454,10.03297
000013612345683,143,76.24434,10.12459
000013612345678,144,76.26445,10.09933
000013612345680,144,76.2564,10.11773
000013612345681,144,76.47961,10.02416
000013612345682,144,76.50425,10.03299
000013612345683,144,76.2446,10.12421
000013612345678,145,76.26444,10.09936
000013612345680,145,76.25649,10.1175
000013612345681,145,76.4797,10.02418
000013612345682,145,76.50403,10.03305
000013612345683,145,76.24476,10.12394
000013612345678,146,76.26439,10.09951
000013612345680,146,76.25657,10.11737
000013612345681,146,76.47974,10.02418
000013612345682,146,76.50389,10.0331
000013612345683,146,76.24484,10.12381
000013612345678,147,76.26425,10.09989
000013612345680,147,76.25662,10.1173
000013612345681,147,76.47982,10.02417
000013612345682,147,76.50363,10.03322
000013612345683,147,76.24502,10.1235
000013612345678,148,76.26417,10.10006
000013612345680,148,76.25668,10.11724
000013612345681,148,76.47996,10.02413
000013612345682,148,76.50335,10.03332
000013612345683,148,76.2453,10.12297
000013612345678,149,76.26405,10.10035
000013612345680,149,76.25713,10.11695
000013612345681,149,76.48015,10.02407
000013612345682,149,76.50306,10.03338
000013612345683,149,76.24556,10.12309
000013612345678,150,76.26403,10.10041
000013612345680,150,76.25743,10.11675
000013612345681,150,76.48033,10.024
000013612345682,150,76.50284,10.03344
000013612345683,150,76.24568,10.12319
000013612345678,151,76.26399,10.10051
000013612345680,151,76.25759,10.11667
000013612345681,151,76.48047,10.02392
000013612345682,151,76.50259,10.0335
000013612345683,151,76.24579,10.12326
000013612345678,152,76.26392,10.1007
000013612345680,152,76.25771,10.11663
000013612345681,152,76.48068,10.02378
000013612345682,152,76.50237,10.03358
000013612345683,152,76.24592,10.12332
000013612345678,153,76.2639,10.10076
000013612345680,153,76.25783,10.11658
000013612345681,153,76.48093,10.02359
000013612345682,153,76.50213,10.03371
000013612345683,153,76.24607,10.12339
000013612345678,154,76.26386,10.1009
000013612345680,154,76.25796,10.11654
000013612345681,154,76.48118,10.02342
000013612345682,154,76.50205,10.03381
000013612345683,154,76.2463,10.12347
000013612345678,155,76.26376,10.1013
000013612345680,155,76.25808,10.11648
000013612345681,155,76.48128,10.02336
000013612345682,155,76.50198,10.03389
000013612345683,155,76.2465,10.12353
000013612345678,156,76.26368,10.10157
000013612345680,156,76.25821,10.11641
000013612345681,156,76.48137,10.02333
000013612345682,156,76.5019,10.03403
000013612345683,156,76.24669,10.1236
000013612345678,157,76.26362,10.10182
000013612345680,157,76.25833,10.11633
000013612345681,157,76.48145,10.02331
000013612345682,157,76.5018625,10.0340874
000013612345683,157,76.24693,10.12368
000013612345678,158,76.26361,10.10184
000013612345680,158,76.25843,10.11624
000013612345681,158,76.48157,10.02328
000013612345682,158,76.50186,10.03409
000013612345683,158,76.24718,10.12375
000013612345678,159,76.26349,10.10228
000013612345680,159,76.2585,10.11614
000013612345681,159,76.4817,10.02328
000013612345682,159,76.50164,10.03401
000013612345683,159,76.24732,10.12378
000013612345678,160,76.26345,10.10244
000013612345680,160,76.25855,10.11605
000013612345681,160,76.48253,10.02333
000013612345682,160,76.50135,10.03393
000013612345683,160,76.24752,10.12384
000013612345678,161,76.26344,10.1025
000013612345680,161,76.25859,10.11599
000013612345681,161,76.48279,10.02336
000013612345682,161,76.50109,10.03394
000013612345683,161,76.2478,10.12391
000013612345678,162,76.26343,10.10258
000013612345680,162,76.25864,10.11591
000013612345681,162,76.48338,10.02337
000013612345682,162,76.50059,10.03394
000013612345683,162,76.24842,10.12406
000013612345678,163,76.26343,10.10266
000013612345680,163,76.25868,10.11583
000013612345681,163,76.48349,10.02339
000013612345682,163,76.50018,10.03393
000013612345683,163,76.24894,10.1242
000013612345678,164,76.26343,10.10268
000013612345680,164,76.25871,10.11576
000013612345681,164,76.48362,10.02341
000013612345682,164,76.49997,10.03393
000013612345683,164,76.24952,10.12432
000013612345678,165,76.26344,10.10287
000013612345680,165,76.25876,10.11567
000013612345681,165,76.48386,10.02347
000013612345682,165,76.49966,10.034
000013612345683,165,76.24986,10.12439
000013612345678,166,76.26346,10.10296
000013612345680,166,76.25884,10.11554
000013612345681,166,76.48426,10.02357
000013612345682,166,76.49936,10.03411
000013612345683,166,76.24993,10.12438
000013612345678,167,76.26347,10.103
000013612345680,167,76.25885,10.11552
000013612345681,167,76.48477,10.02368
000013612345682,167,76.49931,10.03411
000013612345683,167,76.25013,10.12443
000013612345678,168,76.2635,10.10314
000013612345680,168,76.25887,10.1155
000013612345681,168,76.48499,10.02371
000013612345682,168,76.49928,10.0341
000013612345683,168,76.25025,10.12445
000013612345678,169,76.26357,10.10346
000013612345680,169,76.25896,10.11537
000013612345681,169,76.48522,10.02371
000013612345682,169,76.49917,10.03402
000013612345683,169,76.25034,10.12446
000013612345678,170,76.2636,10.10358
000013612345680,170,76.25902,10.1153
000013612345681,170,76.48541,10.02373
000013612345682,170,76.49907,10.0339
000013612345683,170,76.25048,10.12446
000013612345678,171,76.2636,10.10366
000013612345680,171,76.25907,10.11523
000013612345681,171,76.48555,10.02374
000013612345682,171,76.49904,10.03386
000013612345683,171,76.25059,10.12445
000013612345678,172,76.2636,10.1038
000013612345680,172,76.25919,10.11509
000013612345681,172,76.48568,10.02377
000013612345682,172,76.49879,10.03355
000013612345683,172,76.25077,10.12444
000013612345678,173,76.26358,10.10395
000013612345680,173,76.25931,10.11495
000013612345681,173,76.48587,10.02382
000013612345682,173,76.4987442,10.0334499
000013612345683,173,76.25098,10.1244
000013612345678,174,76.26354,10.10416
000013612345680,174,76.25935,10.1149
000013612345681,174,76.4861,10.02385
000013612345682,174,76.49874,10.03345
000013612345683,174,76.2511,10.12436
000013612345678,175,76.26341,10.10443
000013612345680,175,76.25942,10.11481
000013612345681,175,76.48614,10.02386
000013612345682,175,76.49863,10.0334
000013612345683,175,76.2513,10.1243
000013612345678,176,76.26335,10.10453
000013612345680,176,76.25952,10.1147
000013612345681,176,76.48649,10.02388
000013612345682,176,76.49842,10.03333
000013612345683,176,76.25152,10.12423
000013612345678,177,76.26331,10.1046
000013612345680,177,76.25953,10.11467
000013612345681,177,76.48665,10.0239
000013612345682,177,76.49812,10.0332
000013612345683,177,76.25178,10.12412
000013612345678,178,76.26319,10.10476
000013612345680,178,76.25963,10.11454
000013612345681,178,76.48675,10.0239
000013612345682,178,76.49774,10.03295
000013612345683,178,76.2519,10.12406
000013612345678,179,76.26291,10.10511
000013612345680,179,76.25964,10.11452
000013612345681,179,76.48676,10.02389
000013612345682,179,76.49767,10.0329
000013612345683,179,76.25197,10.12403
000013612345678,180,76.26274,10.10531
000013612345680,180,76.25974,10.11437
000013612345681,180,76.4867646,10.023894
000013612345682,180,76.49738,10.03273
000013612345683,180,76.25227,10.1239
000013612345678,181,76.26261,10.10548
000013612345680,181,76.25984,10.11421
000013612345681,181,76.48685,10.02391
000013612345682,181,76.49688,10.03239
000013612345683,181,76.25268,10.12374
000013612345678,182,76.26248,10.10566
000013612345680,182,76.25992,10.11402
000013612345681,182,76.48729,10.02402
000013612345682,182,76.49679,10.03226
000013612345683,182,76.25279,10.1237
000013612345678,183,76.26234,10.10589
000013612345680,183,76.25997,10.11392
000013612345681,183,76.48776,10.02407
000013612345682,183,76.49665,10.03209
000013612345683,183,76.25292,10.12369
000013612345678,184,76.26224,10.10607
000013612345680,184,76.26002,10.11379
000013612345681,184,76.48798,10.02414
000013612345682,184,76.49645,10.03176
000013612345683,184,76.25318,10.12366
000013612345678,185,76.26216,10.10626
000013612345680,185,76.26009,10.11356
000013612345681,185,76.48866,10.02453
000013612345682,185,76.49638,10.03164
000013612345683,185,76.25332,10.12364
000013612345678,186,76.26203,10.10659
000013612345680,186,76.26014,10.11338
000013612345681,186,76.48896,10.02476
000013612345682,186,76.49633,10.03157
000013612345683,186,76.2534,10.12362
000013612345678,187,76.26201,10.10664
000013612345680,187,76.2602,10.11309
000013612345681,187,76.48892,10.02514
000013612345682,187,76.49593,10.03123
000013612345683,187,76.25345,10.1236
000013612345678,188,76.26193,10.10689
000013612345680,188,76.26029,10.11269
000013612345681,188,76.48894,10.02568
000013612345682,188,76.49551,10.03071
000013612345683,188,76.2535,10.12358
000013612345678,189,76.26178,10.10736
000013612345680,189,76.2603,10.11261
000013612345681,189,76.48912,10.0258
000013612345682,189,76.49528,10.03018
000013612345683,189,76.25354,10.12355
000013612345678,190,76.26159,10.10792
000013612345680,190,76.26032,10.11251
000013612345681,190,76.4898,10.026
000013612345682,190,76.4951,10.02975
000013612345683,190,76.25359,10.1235
000013612345678,191,76.26151,10.10817
000013612345680,191,76.26041,10.11208
000013612345681,191,76.49029,10.02647
000013612345682,191,76.49496,10.02936
000013612345683,191,76.25366,10.12342
000013612345678,192,76.26146,10.10839
000013612345680,192,76.26042,10.11204
000013612345681,192,76.49062,10.027
000013612345682,192,76.49481,10.02919
000013612345683,192,76.25388,10.12316
000013612345678,193,76.26142,10.10857
000013612345680,193,76.26047,10.11167
000013612345681,193,76.4907,10.02707
000013612345682,193,76.49468,10.02908
000013612345683,193,76.25395,10.12308
000013612345678,194,76.26138,10.10871
000013612345680,194,76.26054,10.11138
000013612345681,194,76.49075,10.02711
000013612345682,194,76.49468,10.02892
000013612345683,194,76.25402,10.123
000013612345678,195,76.26132,10.10889
000013612345680,195,76.26058,10.11119
000013612345681,195,76.4909,10.02713
000013612345682,195,76.49431,10.02854
000013612345683,195,76.25425,10.12274
000013612345678,196,76.26128,10.10898
000013612345680,196,76.26066,10.11087
000013612345681,196,76.49152,10.02699
000013612345682,196,76.49435,10.02842
000013612345683,196,76.25435,10.12263
000013612345678,197,76.26122,10.10911
000013612345680,197,76.26073,10.11066
000013612345681,197,76.49178,10.02711
000013612345682,197,76.49435,10.02818
000013612345683,197,76.25441,10.12257
000013612345678,198,76.26112,10.10934
000013612345680,198,76.26081,10.11043
000013612345681,198,76.49243,10.02741
000013612345682,198,76.49423,10.02802
000013612345683,198,76.25445,10.12252
000013612345678,199,76.26107,10.10947
000013612345680,199,76.26091,10.11015
000013612345681,199,76.49258,10.02747
000013612345682,199,76.49388,10.02782
000013612345683,199,76.25449,10.12245
000013612345678,200,76.26101,10.10967
000013612345680,200,76.26096,10.10993
000013612345681,200,76.49314,10.02768
000013612345682,200,76.49356,10.02778
000013612345683,200,76.25451,10.12241
000013612345678,201,76.26096,10.10993
000013612345680,201,76.26101,10.10967
000013612345681,201,76.49356,10.02778
000013612345682,201,76.49314,10.02768
000013612345683,201,76.25453,10.12234
000013612345678,202,76.26091,10.11015
000013612345680,202,76.26107,10.10947
000013612345681,202,76.49388,10.02782
000013612345682,202,76.49258,10.02747
000013612345683,202,76.25461,10.12208
000013612345678,203,76.26081,10.11043
000013612345680,203,76.26112,10.10934
000013612345681,203,76.49423,10.02802
000013612345682,203,76.49243,10.02741
000013612345683,203,76.25462,10.12205
000013612345678,204,76.26073,10.11066
000013612345680,204,76.26122,10.10911
000013612345681,204,76.49435,10.02818
000013612345682,204,76.49178,10.02711
000013612345683,204,76.25466,10.12196
000013612345678,205,76.26066,10.11087
000013612345680,205,76.26128,10.10898
000013612345681,205,76.49435,10.02842
000013612345682,205,76.49152,10.02699
000013612345683,205,76.25472,10.12179
000013612345678,206,76.26058,10.11119
000013612345680,206,76.26132,10.10889
000013612345681,206,76.49431,10.02854
000013612345682,206,76.4909,10.02713
000013612345683,206,76.25483,10.12152
000013612345678,207,76.26054,10.11138
000013612345680,207,76.26138,10.10871
000013612345681,207,76.49468,10.02892
000013612345682,207,76.49075,10.02711
000013612345683,207,76.25488,10.12143
000013612345678,208,76.26047,10.11167
000013612345680,208,76.26142,10.10857
000013612345681,208,76.49468,10.02908
000013612345682,208,76.4907,10.02707
000013612345683,208,76.25491,10.12133
000013612345678,209,76.26042,10.11204
000013612345680,209,76.26146,10.10839
000013612345681,209,76.49481,10.02919
000013612345682,209,76.49062,10.027
000013612345683,209,76.25494,10.12124
000013612345678,210,76.26041,10.11208
000013612345680,210,76.26151,10.10817
000013612345681,210,76.49496,10.02936
000013612345682,210,76.49029,10.02647
000013612345683,210,76.25497,10.12112
000013612345678,211,76.26032,10.11251
000013612345680,211,76.26159,10.10792
000013612345681,211,76.4951,10.02975
000013612345682,211,76.4898,10.026
000013612345683,211,76.25501,10.12096
000013612345678,212,76.2603,10.11261
000013612345680,212,76.26178,10.10736
000013612345681,212,76.49528,10.03018
000013612345682,212,76.48912,10.0258
000013612345683,212,76.25503,10.12082
000013612345678,213,76.26029,10.11269
000013612345680,213,76.26193,10.10689
000013612345681,213,76.49551,10.03071
000013612345682,213,76.48894,10.02568
000013612345683,213,76.25506,10.12069
000013612345678,214,76.2602,10.11309
000013612345680,214,76.26201,10.10664
000013612345681,214,76.49593,10.03123
000013612345682,214,76.48892,10.02514
000013612345683,214,76.25513,10.12034
000013612345678,215,76.26014,10.11338
000013612345680,215,76.26203,10.10659
000013612345681,215,76.49633,10.03157
000013612345682,215,76.48896,10.02476
000013612345683,215,76.25517,10.12023
000013612345678,216,76.26009,10.11356
000013612345680,216,76.26216,10.10626
000013612345681,216,76.49638,10.03164
000013612345682,216,76.48866,10.02453
000013612345683,216,76.25519,10.12019
000013612345678,217,76.26002,10.11379
000013612345680,217,76.26224,10.10607
000013612345681,217,76.49645,10.03176
000013612345682,217,76.48798,10.02414
000013612345683,217,76.25522,10.12016
000013612345678,218,76.25997,10.11392
000013612345680,218,76.26234,10.10589
000013612345681,218,76.49665,10.03209
000013612345682,218,76.48776,10.02407
000013612345683,218,76.25529,10.1201
000013612345678,219,76.25992,10.11402
000013612345680,219,76.26248,10.10566
000013612345681,219,76.49679,10.03226
000013612345682,219,76.48729,10.02402
000013612345683,219,76.25547,10.11997
000013612345678,220,76.25984,10.11421
000013612345680,220,76.26261,10.10548
000013612345681,220,76.49688,10.03239
000013612345682,220,76.48685,10.02391
000013612345683,220,76.25554,10.11992
000013612345678,221,76.25974,10.11437
000013612345680,221,76.26274,10.10531
000013612345681,221,76.49738,10.03273
000013612345682,221,76.4867646,10.023894
000013612345683,221,76.25561,10.11984
000013612345678,222,76.25964,10.11452
000013612345680,222,76.26291,10.10511
000013612345681,222,76.49767,10.0329
000013612345682,222,76.48676,10.02389
000013612345683,222,76.25569,10.11974
000013612345678,223,76.25963,10.11454
000013612345680,223,76.26319,10.10476
000013612345681,223,76.49774,10.03295
000013612345682,223,76.48675,10.0239
000013612345683,223,76.25574,10.11967
000013612345678,224,76.25953,10.11467
000013612345680,224,76.26331,10.1046
000013612345681,224,76.49812,10.0332
000013612345682,224,76.48665,10.0239
000013612345683,224,76.25578,10.1196
000013612345678,225,76.25952,10.1147
000013612345680,225,76.26335,10.10453
000013612345681,225,76.49842,10.03333
000013612345682,225,76.48649,10.02388
000013612345683,225,76.2558,10.11958
000013612345678,226,76.25942,10.11481
000013612345680,226,76.26341,10.10443
000013612345681,226,76.49863,10.0334
000013612345682,226,76.48614,10.02386
000013612345683,226,76.25587,10.11947
000013612345678,227,76.25935,10.1149
000013612345680,227,76.26354,10.10416
000013612345681,227,76.49874,10.03345
000013612345682,227,76.4861,10.02385
000013612345683,227,76.25596,10.11928
000013612345678,228,76.25931,10.11495
000013612345680,228,76.26358,10.10395
000013612345681,228,76.4987442,10.0334499
000013612345682,228,76.48587,10.02382
000013612345683,228,76.25604,10.11909
000013612345678,229,76.25919,10.11509
000013612345680,229,76.2636,10.1038
000013612345681,229,76.49879,10.03355
000013612345682,229,76.48568,10.02377
000013612345683,229,76.25608,10.11896
000013612345678,230,76.25907,10.11523
000013612345680,230,76.2636,10.10366
000013612345681,230,76.49904,10.03386
000013612345682,230,76.48555,10.02374
000013612345683,230,76.25611,10.11886
000013612345678,231,76.25902,10.1153
000013612345680,231,76.2636,10.10358
000013612345681,231,76.49907,10.0339
000013612345682,231,76.48541,10.02373
000013612345683,231,76.25614,10.11874
000013612345678,232,76.25896,10.11537
000013612345680,232,76.26357,10.10346
000013612345681,232,76.49917,10.03402
000013612345682,232,76.48522,10.02371
000013612345683,232,76.25617,10.11858
000013612345678,233,76.25887,10.1155
000013612345680,233,76.2635,10.10314
000013612345681,233,76.49928,10.0341
000013612345682,233,76.48499,10.02371
000013612345683,233,76.25631,10.11802
000013612345678,234,76.25885,10.11552
000013612345680,234,76.26347,10.103
000013612345681,234,76.49931,10.03411
000013612345682,234,76.48477,10.02368
000013612345683,234,76.25635,10.11787
000013612345678,235,76.25884,10.11554
000013612345680,235,76.26346,10.10296
000013612345681,235,76.49936,10.03411
000013612345682,235,76.48426,10.02357
000013612345683,235,76.2564,10.11773
000013612345678,236,76.25876,10.11567
000013612345680,236,76.26344,10.10287
000013612345681,236,76.49966,10.034
000013612345682,236,76.48386,10.02347
000013612345683,236,76.25649,10.1175
000013612345678,237,76.25871,10.11576
000013612345680,237,76.26343,10.10268
000013612345681,237,76.49997,10.03393
000013612345682,237,76.48362,10.02341
000013612345683,237,76.25657,10.11737
000013612345678,238,76.25868,10.11583
000013612345680,238,76.26343,10.10266
000013612345681,238,76.50018,10.03393
000013612345682,238,76.48349,10.02339
000013612345683,238,76.25662,10.1173
000013612345678,239,76.25864,10.11591
000013612345680,239,76.26343,10.10258
000013612345681,239,76.50059,10.03394
000013612345682,239,76.48338,10.02337
000013612345683,239,76.25668,10.11724
000013612345678,240,76.25859,10.11599
000013612345680,240,76.26344,10.1025
000013612345681,240,76.50109,10.03394
000013612345682,240,76.48279,10.02336
000013612345683,240,76.25713,10.11695
000013612345678,241,76.25855,10.11605
000013612345680,241,76.26345,10.10244
000013612345681,241,76.50135,10.03393
000013612345682,241,76.48253,10.02333
000013612345683,241,76.25743,10.11675
000013612345678,242,76.2585,10.11614
000013612345680,242,76.26349,10.10228
000013612345681,242,76.50164,10.03401
000013612345682,242,76.4817,10.02328
000013612345683,242,76.25759,10.11667
000013612345678,243,76.25843,10.11624
000013612345680,243,76.26361,10.10184
000013612345681,243,76.50186,10.03409
000013612345682,243,76.48157,10.02328
000013612345683,243,76.25771,10.11663
000013612345678,244,76.25833,10.11633
000013612345680,244,76.26362,10.10182
000013612345681,244,76.5018625,10.0340874
000013612345682,244,76.48145,10.02331
000013612345683,244,76.25783,10.11658
000013612345678,245,76.25821,10.11641
000013612345680,245,76.26368,10.10157
000013612345681,245,76.5019,10.03403
000013612345682,245,76.48137,10.02333
000013612345683,245,76.25796,10.11654
000013612345678,246,76.25808,10.11648
000013612345680,246,76.26376,10.1013
000013612345681,246,76.50198,10.03389
000013612345682,246,76.48128,10.02336
000013612345683,246,76.25808,10.11648
000013612345678,247,76.25796,10.11654
000013612345680,247,76.26386,10.1009
000013612345681,247,76.50205,10.03381
000013612345682,247,76.48118,10.02342
000013612345683,247,76.25821,10.11641
000013612345678,248,76.25783,10.11658
000013612345680,248,76.2639,10.10076
000013612345681,248,76.50213,10.03371
000013612345682,248,76.48093,10.02359
000013612345683,248,76.25833,10.11633
000013612345678,249,76.25771,10.11663
000013612345680,249,76.26392,10.1007
000013612345681,249,76.50237,10.03358
000013612345682,249,76.48068,10.02378
000013612345683,249,76.25843,10.11624
000013612345678,250,76.25759,10.11667
000013612345680,250,76.26399,10.10051
000013612345681,250,76.50259,10.0335
000013612345682,250,76.48047,10.02392
000013612345683,250,76.2585,10.11614
000013612345678,251,76.25743,10.11675
000013612345680,251,76.26403,10.10041
000013612345681,251,76.50284,10.03344
000013612345682,251,76.48033,10.024
000013612345683,251,76.25855,10.11605
000013612345678,252,76.25713,10.11695
000013612345680,252,76.26405,10.10035
000013612345681,252,76.50306,10.03338
000013612345682,252,76.48015,10.02407
000013612345683,252,76.25859,10.11599
000013612345678,253,76.25668,10.11724
000013612345680,253,76.26417,10.10006
000013612345681,253,76.50335,10.03332
000013612345682,253,76.47996,10.02413
000013612345683,253,76.25864,10.11591
000013612345678,254,76.25662,10.1173
000013612345680,254,76.26425,10.09989
000013612345681,254,76.50363,10.03322
000013612345682,254,76.47982,10.02417
000013612345683,254,76.25868,10.11583
000013612345678,255,76.25657,10.11737
000013612345680,255,76.26439,10.09951
000013612345681,255,76.50389,10.0331
000013612345682,255,76.47974,10.02418
000013612345683,255,76.25871,10.11576
000013612345678,256,76.25649,10.1175
000013612345680,256,76.26444,10.09936
000013612345681,256,76.50403,10.03305
000013612345682,256,76.4797,10.02418
000013612345683,256,76.25876,10.11567
000013612345678,257,76.2564,10.11773
000013612345680,257,76.26445,10.09933
000013612345681,257,76.50425,10.03299
000013612345682,257,76.47961,10.02416
000013612345683,257,76.25884,10.11554
000013612345678,258,76.25635,10.11787
000013612345680,258,76.26454,10.09911
000013612345681,258,76.50454,10.03297
000013612345682,258,76.47951,10.02413
000013612345683,258,76.25885,10.11552
000013612345678,259,76.25631,10.11802
000013612345680,259,76.26471,10.09871
000013612345681,259,76.50476,10.03297
000013612345682,259,76.4792,10.02402
000013612345683,259,76.25887,10.1155
000013612345678,260,76.25617,10.11858
000013612345680,260,76.26485,10.09838
000013612345681,260,76.50517,10.03297
000013612345682,260,76.47914,10.02399
000013612345683,260,76.25896,10.11537
000013612345678,261,76.25614,10.11874
000013612345680,261,76.26488,10.09832
000013612345681,261,76.50543,10.03295
000013612345682,261,76.47894,10.02394
000013612345683,261,76.25902,10.1153
000013612345678,262,76.25611,10.11886
000013612345680,262,76.26502,10.09797
000013612345681,262,76.50584,10.03293
000013612345682,262,76.47849,10.0238
000013612345683,262,76.25907,10.11523
000013612345678,263,76.25608,10.11896
000013612345680,263,76.26508,10.0978
000013612345681,263,76.50615,10.0329
000013612345682,263,76.47817,10.02368
000013612345683,263,76.25919,10.11509
000013612345678,264,76.25604,10.11909
000013612345680,264,76.26513,10.0977
000013612345681,264,76.50634,10.03286
000013612345682,264,76.47791,10.02354
000013612345683,264,76.25931,10.11495
000013612345678,265,76.25596,10.11928
000013612345680,265,76.2652,10.09749
000013612345681,265,76.50654,10.03282
000013612345682,265,76.47735,10.02322
000013612345683,265,76.25935,10.1149
000013612345678,266,76.25587,10.11947
000013612345680,266,76.26524,10.09737
000013612345681,266,76.50666,10.0328
000013612345682,266,76.47693,10.02291
000013612345683,266,76.25942,10.11481
000013612345678,267,76.2558,10.11958
000013612345680,267,76.26531,10.09716
000013612345681,267,76.5068,10.03278
000013612345682,267,76.47636,10.02249
000013612345683,267,76.25952,10.1147
000013612345678,268,76.25578,10.1196
000013612345680,268,76.26531,10.09715
000013612345681,268,76.50707,10.03277
000013612345682,268,76.47561,10.02196
000013612345683,268,76.25953,10.11467
000013612345678,269,76.25574,10.11967
000013612345680,269,76.26538,10.0969
000013612345681,269,76.50737,10.03276
000013612345682,269,76.47549,10.0219
000013612345683,269,76.25963,10.11454
000013612345678,270,76.25569,10.11974
000013612345680,270,76.26543,10.09671
000013612345681,270,76.50785,10.03274
000013612345682,270,76.47546,10.02189
000013612345683,270,76.25964,10.11452
000013612345678,271,76.25561,10.11984
000013612345680,271,76.26554,10.09627
000013612345681,271,76.50836,10.03271
000013612345682,271,76.47536,10.02186
000013612345683,271,76.25974,10.11437
000013612345678,272,76.25554,10.11992
000013612345680,272,76.26556,10.09617
000013612345681,272,76.5086,10.0327
000013612345682,272,76.47495,10.02175
000013612345683,272,76.25984,10.11421
000013612345678,273,76.25547,10.11997
000013612345680,273,76.26561,10.09596
000013612345681,273,76.50892,10.03267
000013612345682,273,76.47452,10.0216
000013612345683,273,76.25992,10.11402
000013612345678,274,76.25529,10.1201
000013612345680,274,76.26562,10.09595
000013612345681,274,76.50916,10.03269
000013612345682,274,76.47407,10.02148
000013612345683,274,76.25997,10.11392
000013612345678,275,76.25522,10.12016
000013612345680,275,76.26565,10.09586
000013612345681,275,76.50935,10.0327
000013612345682,275,76.47359,10.02131
000013612345683,275,76.26002,10.11379
000013612345678,276,76.25519,10.12019
000013612345680,276,76.26567,10.09579
000013612345681,276,76.50948,10.03271
000013612345682,276,76.47302,10.02113
000013612345683,276,76.26009,10.11356
000013612345678,277,76.25517,10.12023
000013612345680,277,76.2657,10.09567
000013612345681,277,76.50979,10.03279
000013612345682,277,76.47204,10.0208
000013612345683,277,76.26014,10.11338
000013612345678,278,76.25513,10.12034
000013612345680,278,76.2657,10.09564
000013612345681,278,76.51013,10.0329
000013612345682,278,76.47183,10.02073
000013612345683,278,76.2602,10.11309
000013612345678,279,76.25506,10.12069
000013612345680,279,76.26571,10.09555
000013612345681,279,76.51037,10.03296
000013612345682,279,76.47165,10.02068
000013612345683,279,76.26029,10.11269
000013612345678,280,76.25503,10.12082
000013612345680,280,76.26574,10.09537
000013612345681,280,76.51066,10.03305
000013612345682,280,76.47151,10.02066
000013612345683,280,76.2603,10.11261
000013612345678,281,76.25501,10.12096
000013612345680,281,76.26576,10.09523
000013612345681,281,76.51088,10.03309
000013612345682,281,76.47138,10.02066
000013612345683,281,76.26032,10.11251
000013612345678,282,76.25497,10.12112
000013612345680,282,76.26579,10.09505
000013612345681,282,76.51115,10.03312
000013612345682,282,76.47119,10.02068
000013612345683,282,76.26041,10.11208
000013612345678,283,76.25494,10.12124
000013612345680,283,76.26581,10.09492
000013612345681,283,76.51151,10.03313
000013612345682,283,76.4711,10.0207
000013612345683,283,76.26042,10.11204
000013612345678,284,76.25491,10.12133
000013612345680,284,76.26583,10.09483
000013612345681,284,76.51179,10.03314
000013612345682,284,76.47096,10.02074
000013612345683,284,76.26047,10.11167
000013612345678,285,76.25488,10.12143
000013612345680,285,76.26587,10.09464
000013612345681,285,76.51214,10.03312
000013612345682,285,76.47088,10.02077
000013612345683,285,76.26054,10.11138
000013612345678,286,76.25483,10.12152
000013612345680,286,76.2659,10.09456
000013612345681,286,76.51225,10.03311
000013612345682,286,76.47068,10.02083
000013612345683,286,76.26058,10.11119
000013612345678,287,76.25472,10.12179
000013612345680,287,76.26593,10.09447
000013612345681,287,76.51232,10.03312
000013612345682,287,76.47054,10.02087
000013612345683,287,76.26066,10.11087
000013612345678,288,76.25466,10.12196
000013612345680,288,76.26596,10.09438
000013612345681,288,76.51236,10.03313
000013612345682,288,76.47031,10.0209
000013612345683,288,76.26073,10.11066
000013612345678,289,76.25462,10.12205
000013612345680,289,76.26601,10.09426
000013612345681,289,76.51243,10.03315
000013612345682,289,76.47007,10.02094
000013612345683,289,76.26081,10.11043
000013612345678,290,76.25461,10.12208
000013612345680,290,76.26606,10.09416
000013612345681,290,76.51249,10.03318
000013612345682,290,76.46993,10.02096
000013612345683,290,76.26091,10.11015
000013612345678,291,76.25453,10.12234
000013612345680,291,76.26617,10.09397
000013612345681,291,76.51257,10.03323
000013612345682,291,76.46938,10.02102
000013612345683,291,76.26096,10.10993
000013612345678,292,76.25451,10.12241
000013612345680,292,76.26627,10.09379
000013612345681,292,76.51258,10.03325
000013612345682,292,76.46898,10.02108
000013612345683,292,76.26101,10.10967
000013612345678,293,76.25449,10.12245
000013612345680,293,76.26631,10.09369
000013612345681,293,76.5126,10.03327
000013612345682,293,76.46894,10.02108
000013612345683,293,76.26107,10.10947
000013612345678,294,76.25445,10.12252
000013612345680,294,76.26636,10.09357
000013612345681,294,76.51263,10.03333
000013612345682,294,76.46877,10.02108
000013612345683,294,76.26112,10.10934
000013612345678,295,76.25441,10.12257
000013612345680,295,76.2664,10.09342
000013612345681,295,76.51269,10.0334
000013612345682,295,76.4686,10.02108
000013612345683,295,76.26122,10.10911
000013612345678,296,76.25435,10.12263
000013612345680,296,76.26642,10.09328
000013612345681,296,76.51276,10.03355
000013612345682,296,76.46845,10.02107
000013612345683,296,76.26128,10.10898
000013612345678,297,76.25425,10.12274
000013612345680,297,76.26643,10.09317
000013612345681,297,76.51279,10.03358
000013612345682,297,76.46826,10.02103
000013612345683,297,76.26132,10.10889
000013612345678,298,76.25402,10.123
000013612345680,298,76.26645,10.09295
000013612345681,298,76.51283,10.03361
000013612345682,298,76.46809,10.021
000013612345683,298,76.26138,10.10871
000013612345678,299,76.25395,10.12308
000013612345680,299,76.26646,10.09287
000013612345681,299,76.51288,10.03363
000013612345682,299,76.46799,10.021
000013612345683,299,76.26142,10.10857
000013612345678,300,76.25388,10.12316
000013612345680,300,76.26648,10.09271
000013612345681,300,76.51293,10.03364
000013612345682,300,76.46796,10.021
000013612345683,300,76.26146,10.10839
000013612345678,301,76.25366,10.12342
000013612345680,301,76.2665,10.09247
000013612345681,301,76.513,10.03365
000013612345682,301,76.46779,10.02105
000013612345683,301,76.26151,10.10817
000013612345678,302,76.25359,10.1235
000013612345680,302,76.26653,10.09228
000013612345681,302,76.51308,10.03366
000013612345682,302,76.4675,10.02117
000013612345683,302,76.26159,10.10792
000013612345678,303,76.25354,10.12355
000013612345680,303,76.26658,10.0921
000013612345681,303,76.51314,10.03368
000013612345682,303,76.46734,10.02123
000013612345683,303,76.26178,10.10736
000013612345678,304,76.2535,10.12358
000013612345680,304,76.26669,10.09175
000013612345681,304,76.51318,10.03371
000013612345682,304,76.46726,10.02124
000013612345683,304,76.26193,10.10689
000013612345678,305,76.25345,10.1236
000013612345680,305,76.26675,10.09153
000013612345681,305,76.5132,10.03372
000013612345682,305,76.46718,10.02124
000013612345683,305,76.26201,10.10664
000013612345678,306,76.2534,10.12362
000013612345680,306,76.26681,10.09129
000013612345681,306,76.5133,10.0338
000013612345682,306,76.46698,10.02123
000013612345683,306,76.26203,10.10659
000013612345678,307,76.25332,10.12364
000013612345680,307,76.26687,10.09097
000013612345681,307,76.51343,10.03391
000013612345682,307,76.46671,10.02123
000013612345683,307,76.26216,10.10626
000013612345678,308,76.25318,10.12366
000013612345680,308,76.26688,10.09088
000013612345681,308,76.51375,10.03414
000013612345682,308,76.46646,10.02126
000013612345683,308,76.26224,10.10607
000013612345678,309,76.25292,10.12369
000013612345680,309,76.2669,10.09072
000013612345681,309,76.51402,10.03431
000013612345682,309,76.4663,10.02129
000013612345683,309,76.26234,10.10589
000013612345678,310,76.25279,10.1237
000013612345680,310,76.26693,10.09056
000013612345681,310,76.51424,10.03447
000013612345682,310,76.46615,10.02132
000013612345683,310,76.26248,10.10566
000013612345678,311,76.25268,10.12374
000013612345680,311,76.26698,10.09039
000013612345681,311,76.51433,10.03452
000013612345682,311,76.46601,10.02136
000013612345683,311,76.26261,10.10548
000013612345678,312,76.25227,10.1239
000013612345680,312,76.26701,10.0903
000013612345681,312,76.51444,10.03457
000013612345682,312,76.46594,10.02139
000013612345683,312,76.26274,10.10531
000013612345678,313,76.25197,10.12403
000013612345680,313,76.26702,10.09025
000013612345681,313,76.5146,10.03464
000013612345682,313,76.46584,10.02145
000013612345683,313,76.26291,10.10511
000013612345678,314,76.2519,10.12406
000013612345680,314,76.2671,10.09007
000013612345681,314,76.51478,10.03472
000013612345682,314,76.46571,10.02154
000013612345683,314,76.26319,10.10476
000013612345678,315,76.25178,10.12412
000013612345680,315,76.26713,10.09
000013612345681,315,76.51486,10.03477
000013612345682,315,76.46543,10.02177
000013612345683,315,76.26331,10.1046
000013612345678,316,76.25152,10.12423
000013612345680,316,76.26725,10.0897
000013612345681,316,76.51493,10.03482
000013612345682,316,76.46513,10.02201
000013612345683,316,76.26335,10.10453
000013612345678,317,76.2513,10.1243
000013612345680,317,76.26732,10.08955
000013612345681,317,76.51498,10.03487
000013612345682,317,76.46486,10.02219
000013612345683,317,76.26341,10.10443
000013612345678,318,76.2511,10.12436
000013612345680,318,76.26736,10.08947
000013612345681,318,76.51503,10.03494
000013612345682,318,76.46406,10.02274
000013612345683,318,76.26354,10.10416
000013612345678,319,76.25098,10.1244
000013612345680,319,76.26739,10.08941
000013612345681,319,76.5151,10.03508
000013612345682,319,76.46374,10.02295
000013612345683,319,76.26358,10.10395
000013612345678,320,76.25077,10.12444
000013612345680,320,76.26749,10.0892
000013612345681,320,76.5152,10.03525
000013612345682,320,76.46363,10.02302
000013612345683,320,76.2636,10.1038
000013612345678,321,76.25059,10.12445
000013612345680,321,76.26756,10.08905
000013612345681,321,76.51534,10.0354
000013612345682,321,76.46352,10.02308
000013612345683,321,76.2636,10.10366
000013612345678,322,76.25048,10.12446
000013612345680,322,76.26763,10.08886
000013612345681,322,76.51538,10.03547
000013612345682,322,76.46347,10.02311
000013612345683,322,76.2636,10.10358
000013612345678,323,76.25034,10.12446
000013612345680,323,76.2677,10.08868
000013612345681,323,76.51545,10.03554
000013612345682,323,76.46339,10.02314
000013612345683,323,76.26357,10.10346
000013612345678,324,76.25025,10.12445
000013612345680,324,76.26771,10.08866
000013612345681,324,76.5155,10.0356
000013612345682,324,76.46324,10.02319
000013612345683,324,76.2635,10.10314
000013612345678,325,76.25013,10.12443
000013612345680,325,76.26789,10.08809
000013612345681,325,76.51564,10.03575
000013612345682,325,76.46293,10.02328
000013612345683,325,76.26347,10.103
000013612345678,326,76.24993,10.12438
000013612345680,326,76.26803,10.08762
000013612345681,326,76.51569,10.03581
000013612345682,326,76.46273,10.02335
000013612345683,326,76.26346,10.10296
000013612345678,327,76.24986,10.12439
000013612345680,327,76.26807,10.08746
000013612345681,327,76.5158,10.03593
000013612345682,327,76.46251,10.02341
000013612345683,327,76.26344,10.10287
000013612345678,328,76.24952,10.12432
000013612345680,328,76.26807,10.08745
000013612345681,328,76.51597,10.0362
000013612345682,328,76.4624,10.02344
000013612345683,328,76.26343,10.10268
000013612345678,329,76.24894,10.1242
000013612345680,329,76.26812,10.08729
000013612345681,329,76.51606,10.03635
000013612345682,329,76.46229,10.02346
000013612345683,329,76.26343,10.10266
000013612345678,330,76.24842,10.12406
000013612345680,330,76.26822,10.08705
000013612345681,330,76.51628,10.03675
000013612345682,330,76.46219,10.02346
000013612345683,330,76.26343,10.10258
000013612345678,331,76.2478,10.12391
000013612345680,331,76.26838,10.08666
000013612345681,331,76.51635,10.03689
000013612345682,331,76.46208,10.02347
000013612345683,331,76.26344,10.1025
000013612345678,332,76.24752,10.12384
000013612345680,332,76.26846,10.08648
000013612345681,332,76.51636,10.03692
000013612345682,332,76.46195,10.02344
000013612345683,332,76.26345,10.10244
000013612345678,333,76.24732,10.12378
000013612345680,333,76.26847,10.08646
000013612345681,333,76.51637,10.03694
000013612345682,333,76.46186,10.02342
000013612345683,333,76.26349,10.10228
000013612345678,334,76.24718,10.12375
000013612345680,334,76.26862,10.08618
000013612345681,334,76.51638,10.03697
000013612345682,334,76.4615,10.02334
000013612345683,334,76.26361,10.10184
000013612345678,335,76.24693,10.12368
000013612345680,335,76.2687,10.08602
000013612345681,335,76.51638,10.037
000013612345682,335,76.46118,10.02326
000013612345683,335,76.26362,10.10182
000013612345678,336,76.24669,10.1236
000013612345680,336,76.26872,10.08597
000013612345681,336,76.51638,10.03703
000013612345682,336,76.46098,10.02323
000013612345683,336,76.26368,10.10157
000013612345678,337,76.2465,10.12353
000013612345680,337,76.26873,10.08594
000013612345681,337,76.51638,10.03708
000013612345682,337,76.46079,10.02322
000013612345683,337,76.26376,10.1013
000013612345678,338,76.2463,10.12347
000013612345680,338,76.26874,10.08591
000013612345681,338,76.51638,10.03716
000013612345682,338,76.46064,10.02323
000013612345683,338,76.26386,10.1009
000013612345678,339,76.24607,10.12339
000013612345680,339,76.26875,10.08588
000013612345681,339,76.51637,10.03742
000013612345682,339,76.46049,10.02325
000013612345683,339,76.2639,10.10076
000013612345678,340,76.24592,10.12332
000013612345680,340,76.26876,10.0858
000013612345681,340,76.51638,10.03756
000013612345682,340,76.46027,10.02327
000013612345683,340,76.26392,10.1007
000013612345678,341,76.24579,10.12326
000013612345680,341,76.26877,10.08571
000013612345681,341,76.5164,10.03764
000013612345682,341,76.46011,10.02328
000013612345683,341,76.26399,10.10051
000013612345678,342,76.24568,10.12319
000013612345680,342,76.26877,10.08566
000013612345681,342,76.51643,10.03772
000013612345682,342,76.45997,10.02329
000013612345683,342,76.26403,10.10041
000013612345678,343,76.24556,10.12309
000013612345680,343,76.26878,10.08555
000013612345681,343,76.51645,10.03777
000013612345682,343,76.45987,10.02328
000013612345683,343,76.26405,10.10035
000013612345678,344,76.2453,10.12297
000013612345680,344,76.26879,10.08545
000013612345681,344,76.51648,10.03783
000013612345682,344,76.45956,10.02323
000013612345683,344,76.26417,10.10006
000013612345678,345,76.24502,10.1235
000013612345680,345,76.26881,10.08533
000013612345681,345,76.51653,10.03783
000013612345682,345,76.45951,10.02322
000013612345683,345,76.26425,10.09989
000013612345678,346,76.24484,10.12381
000013612345680,346,76.26882,10.08532
000013612345681,346,76.51664,10.03782
000013612345682,346,76.45926,10.02319
000013612345683,346,76.26439,10.09951
000013612345678,347,76.24476,10.12394
000013612345680,347,76.2688958,10.0849944
000013612345681,347,76.51674,10.03782
000013612345682,347,76.4591,10.02318
000013612345683,347,76.26444,10.09936
000013612345678,348,76.2446,10.12421
000013612345680,348,76.2689,10.08499
000013612345681,348,76.51683,10.03782
000013612345682,348,76.45898,10.02319
000013612345683,348,76.26445,10.09933
000013612345678,349,76.24434,10.12459
000013612345680,349,76.26887,10.08497
000013612345681,349,76.51693,10.03781
000013612345682,349,76.45887,10.02322
000013612345683,349,76.26454,10.09911
000013612345678,350,76.24426,10.12474
000013612345680,350,76.26886,10.08496
000013612345681,350,76.51703,10.0378
000013612345682,350,76.45876,10.02324
000013612345683,350,76.26471,10.09871
000013612345678,351,76.24424,10.12477
000013612345680,351,76.26885,10.08494
000013612345681,351,76.51708,10.0378
000013612345682,351,76.45866,10.02327
000013612345683,351,76.26485,10.09838
000013612345678,352,76.2442,10.12484
000013612345680,352,76.26885,10.08493
000013612345681,352,76.51717,10.03781
000013612345682,352,76.4585,10.02333
000013612345683,352,76.26488,10.09832
000013612345678,353,76.24414,10.12497
000013612345680,353,76.26885,10.08491
000013612345681,353,76.51734,10.03786
000013612345682,353,76.45841,10.02337
000013612345683,353,76.26502,10.09797
000013612345678,354,76.24409,10.12509
000013612345680,354,76.26897,10.08457
000013612345681,354,76.5175,10.03788
000013612345682,354,76.45829,10.02341
000013612345683,354,76.26508,10.0978
000013612345678,355,76.24399,10.12538
000013612345680,355,76.26904,10.08444
000013612345681,355,76.5177,10.03792
000013612345682,355,76.45801,10.02349
000013612345683,355,76.26513,10.0977
000013612345678,356,76.24398,10.12544
000013612345680,356,76.26907,10.08437
000013612345681,356,76.51797,10.03795
000013612345682,356,76.45769,10.02356
000013612345683,356,76.2652,10.09749
000013612345678,357,76.24392,10.12562
000013612345680,357,76.26914,10.08423
000013612345681,357,76.51819,10.03798
000013612345682,357,76.45753,10.02359
000013612345683,357,76.26524,10.09737
000013612345678,358,76.24383,10.12593
000013612345680,358,76.26917,10.08409
000013612345681,358,76.51841,10.03799
000013612345682,358,76.4573,10.02359
000013612345683,358,76.26531,10.09716
000013612345678,359,76.24369,10.12642
000013612345680,359,76.2692,10.08391
000013612345681,359,76.51861,10.03801
000013612345682,359,76.45707,10.02359
000013612345683,359,76.26531,10.09715
000013612345678,360,76.24359,10.12674
000013612345680,360,76.26923,10.08374
000013612345681,360,76.51887,10.03802
000013612345682,360,76.45691,10.02361
000013612345683,360,76.26538,10.0969
000013612345678,361,76.24359,10.12675
000013612345680,361,76.26925,10.08367
000013612345681,361,76.51915,10.03804
000013612345682,361,76.45683,10.02362
000013612345683,361,76.26543,10.09671
000013612345678,362,76.24352,10.12698
000013612345680,362,76.26927,10.08359
000013612345681,362,76.51941,10.03806
000013612345682,362,76.45677,10.02364
000013612345683,362,76.26554,10.09627
000013612345678,363,76.24348,10.12711
000013612345680,363,76.26933,10.08332
000013612345681,363,76.51958,10.03808
000013612345682,363,76.45676,10.02364
000013612345683,363,76.26556,10.09617
000013612345678,364,76.24343,10.12721
000013612345680,364,76.26937,10.08313
000013612345681,364,76.51966,10.03809
000013612345682,364,76.45656,10.02371
000013612345683,364,76.26561,10.09596
000013612345678,365,76.24343,10.12722
000013612345680,365,76.26949,10.08269
000013612345681,365,76.51988,10.03811
000013612345682,365,76.45616,10.02386
000013612345683,365,76.26562,10.09595
000013612345678,366,76.24339,10.12731
000013612345680,366,76.26954,10.08251
000013612345681,366,76.52004,10.03812
000013612345682,366,76.456,10.02392
000013612345683,366,76.26565,10.09586
000013612345678,367,76.24337,10.12733
000013612345680,367,76.26962,10.08224
000013612345681,367,76.52013,10.03813
000013612345682,367,76.45594,10.02393
000013612345683,367,76.26567,10.09579
000013612345678,368,76.2433,10.12743
000013612345680,368,76.26963,10.0822
000013612345681,368,76.52022,10.03813
000013612345682,368,76.45587,10.02394
000013612345683,368,76.2657,10.09567
000013612345678,369,76.24321,10.12757
000013612345680,369,76.26968,10.08205
000013612345681,369,76.52036,10.03811
000013612345682,369,76.4558,10.02393
000013612345683,369,76.2657,10.09564
000013612345678,370,76.24313,10.12767
000013612345680,370,76.26969,10.08201
000013612345681,370,76.52046,10.0381
000013612345682,370,76.45572,10.02392
000013612345683,370,76.26571,10.09555
000013612345678,371,76.24308,10.12777
000013612345680,371,76.26978,10.08175
000013612345681,371,76.52079,10.038
000013612345682,371,76.45561,10.02389
000013612345683,371,76.26574,10.09537
000013612345678,372,76.24304,10.12786
000013612345680,372,76.26986,10.08145
000013612345681,372,76.52116,10.0379
000013612345682,372,76.45532,10.02388
000013612345683,372,76.26576,10.09523
000013612345678,373,76.243,10.12802
000013612345680,373,76.26995,10.08119
000013612345681,373,76.52128,10.03787
000013612345682,373,76.45505,10.02391
000013612345683,373,76.26579,10.09505
000013612345678,374,76.2429,10.12832
000013612345680,374,76.26999,10.08109
000013612345681,374,76.52131,10.03787
000013612345682,374,76.45497,10.02391
000013612345683,374,76.26581,10.09492
000013612345678,375,76.24281,10.12857
000013612345680,375,76.27007,10.08088
000013612345681,375,76.52133,10.03787
000013612345682,375,76.45489,10.02393
000013612345683,375,76.26583,10.09483
000013612345678,376,76.24266,10.12897
000013612345680,376,76.2702,10.08055
000013612345681,376,76.52135,10.03787
000013612345682,376,76.4548,10.02396
000013612345683,376,76.26587,10.09464
000013612345678,377,76.24247,10.12942
000013612345680,377,76.27044,10.07998
000013612345681,377,76.52136,10.03787
000013612345682,377,76.45459,10.02404
000013612345683,377,76.2659,10.09456
000013612345678,378,76.24221,10.13002
000013612345680,378,76.27066,10.07939
000013612345681,378,76.52137,10.03788
000013612345682,378,76.45442,10.02409
000013612345683,378,76.26593,10.09447
000013612345678,379,76.24207,10.13032
000013612345680,379,76.27071,10.07925
000013612345681,379,76.52139,10.03788
000013612345682,379,76.45433,10.0241
000013612345683,379,76.26596,10.09438
000013612345678,380,76.24206,10.13035
000013612345680,380,76.27093,10.07861
000013612345681,380,76.52141,10.0379
000013612345682,380,76.45426,10.0241
000013612345683,380,76.26601,10.09426
000013612345678,381,76.24193,10.1306
000013612345680,381,76.27093,10.07859
000013612345681,381,76.52156,10.03801
000013612345682,381,76.45411,10.02408
000013612345683,381,76.26606,10.09416
000013612345678,382,76.24181,10.13082
000013612345680,382,76.27096,10.07847
000013612345681,382,76.52162,10.03805
000013612345682,382,76.45379,10.024
000013612345683,382,76.26617,10.09397
000013612345678,383,76.24162,10.13116
000013612345680,383,76.271,10.07832
000013612345681,383,76.52165,10.03807
000013612345682,383,76.45346,10.0239
000013612345683,383,76.26627,10.09379
000013612345678,384,76.24153,10.13134
000013612345680,384,76.27114,10.07777
000013612345681,384,76.52169,10.03808
000013612345682,384,76.45291,10.02376
000013612345683,384,76.26631,10.09369
000013612345678,385,76.2413,10.13179
000013612345680,385,76.27121,10.07752
000013612345681,385,76.52173,10.0381
000013612345682,385,76.45255,10.02368
000013612345683,385,76.26636,10.09357
000013612345678,386,76.24106,10.13226
000013612345680,386,76.27132,10.07722
000013612345681,386,76.52176,10.03811
000013612345682,386,76.45236,10.02364
000013612345683,386,76.2664,10.09342
000013612345678,387,76.24097,10.13245
000013612345680,387,76.27137,10.07703
000013612345681,387,76.52179,10.03812
000013612345682,387,76.45217,10.02363
000013612345683,387,76.26642,10.09328
000013612345678,388,76.24095,10.13249
000013612345680,388,76.2714,10.07693
000013612345681,388,76.52184,10.03811
000013612345682,388,76.45188,10.02364
000013612345683,388,76.26643,10.09317
000013612345678,389,76.2407,10.13293
000013612345680,389,76.27145,10.07669
000013612345681,389,76.52186,10.03811
000013612345682,389,76.45163,10.02367
000013612345683,389,76.26645,10.09295
000013612345678,390,76.24056,10.13318
000013612345680,390,76.27148,10.07627
000013612345681,390,76.5219,10.0381
000013612345682,390,76.45135,10.02371
000013612345683,390,76.26646,10.09287
000013612345678,391,76.24038,10.13351
000013612345680,391,76.27148,10.07609
000013612345681,391,76.52197,10.03808
000013612345682,391,76.45112,10.02377
000013612345683,391,76.26648,10.09271
000013612345678,392,76.24023,10.13378
000013612345680,392,76.27147,10.07596
000013612345681,392,76.52204,10.03806
000013612345682,392,76.45091,10.02385
000013612345683,392,76.2665,10.09247
000013612345678,393,76.24005,10.13409
000013612345680,393,76.27145,10.07578
000013612345681,393,76.52208,10.03803
000013612345682,393,76.45075,10.02396
000013612345683,393,76.26653,10.09228
000013612345678,394,76.23977,10.13459
000013612345680,394,76.27142,10.07515
000013612345681,394,76.52212,10.038
000013612345682,394,76.45057,10.02411
000013612345683,394,76.26658,10.0921
000013612345678,395,76.23956,10.13498
000013612345680,395,76.27142,10.07512
000013612345681,395,76.52214,10.03799
000013612345682,395,76.45039,10.02428
000013612345683,395,76.26669,10.09175
000013612345678,396,76.23934,10.1354
000013612345680,396,76.27139,10.07487
000013612345681,396,76.52215,10.03798
000013612345682,396,76.45002,10.02461
000013612345683,396,76.26675,10.09153
000013612345678,397,76.2392,10.1357
000013612345680,397,76.27138,10.07471
000013612345681,397,76.52216,10.03796
000013612345682,397,76.44974,10.02485
000013612345683,397,76.26681,10.09129
000013612345678,398,76.23908,10.13593
000013612345680,398,76.27138,10.07455
000013612345681,398,76.52217,10.03793
000013612345682,398,76.44966,10.02495
000013612345683,398,76.26687,10.09097
000013612345678,399,76.23905,10.13599
000013612345680,399,76.27137,10.07437
000013612345681,399,76.52219,10.03786
000013612345682,399,76.44931,10.02519
000013612345683,399,76.26688,10.09088
000013612345678,400,76.23898,10.13613
000013612345680,400,76.2713754,10.0743391
000013612345681,400,76.5222,10.03784
000013612345682,400,76.4491131,10.025333
000013612345683,400,76.2669,10.09072